MOLGER,http://www.ikea.com/ms/media/seorange/20143/20143_baca01a_PH010603.jpg
MOLGER,http://www.ikea.com/PIAimages/0155711_PE313813_S3.JPG
MOLGER,http://www.ikea.com/PIAimages/0166424_PE321003_S3.JPG
MOLGER,http://www.ikea.com/PIAimages/0095663_PE234541_S3.JPG
MOLGER,http://www.ikea.com/PIAimages/0155556_PE313629_S3.JPG
MOLGER,http://www.ikea.com/PIAimages/0166418_PE321007_S3.JPG
MOLGER,http://www.ikea.com/PIAimages/0155155_PE313403_S3.JPG
HJ�LMAREN,http://www.ikea.com/PIAimages/0207006_PE360842_S3.JPG
HEMNES,http://www.ikea.com/PIAimages/0143609_PE303161_S3.JPG
HEMNES,http://www.ikea.com/PIAimages/0143648_PE303184_S3.JPG
HEMNES,http://www.ikea.com/PIAimages/0143645_PE303182_S3.JPG
R�GRUND,http://www.ikea.com/PIAimages/0190748_PE344264_S3.JPG
R�GRUND,http://www.ikea.com/PIAimages/0190705_PE344229_S3.JPG
R�GRUND,http://www.ikea.com/PIAimages/0190709_PE344231_S3.JPG
R�_NNSK�R,http://www.ikea.com/PIAimages/53516_PE156893_S3.JPG
R�_NNSK�R,http://www.ikea.com/PIAimages/53517_PE156894_S3.JPG
R�_NNSK�R,http://www.ikea.com/PIAimages/53518_PE156895_S3.JPG
GODMORGON,http://www.ikea.com/PIAimages/0134671_PE291137_S3.JPG
STORJORM,http://www.ikea.com/PIAimages/0212999_PE367131_S3.JPG
STORJORM,http://www.ikea.com/PIAimages/0213003_PE367133_S3.JPG
STORJORM,http://www.ikea.com/PIAimages/0213007_PE367135_S3.JPG
STORJORM,http://www.ikea.com/PIAimages/0213001_PE367132_S3.JPG
HEMNES,http://www.ikea.com/PIAimages/0143664_PE303194_S3.JPG
HEMNES,http://www.ikea.com/PIAimages/0428729_PE303177_S3.JPG
HEMNES,http://www.ikea.com/PIAimages/0143635_PE303179_S3.JPG
LILL�NGEN,http://www.ikea.com/PIAimages/0155189_PE313453_S3.JPG
LILL�NGEN,http://www.ikea.com/PIAimages/0133005_PE288182_S3.JPG
LILL�NGEN,http://www.ikea.com/PIAimages/0124595_PE281450_S3.JPG
LILL�NGEN,http://www.ikea.com/PIAimages/0133006_PE288183_S3.JPG
LILL�NGEN,http://www.ikea.com/PIAimages/0135091_PE291841_S3.JPG
LILL�NGEN,http://www.ikea.com/PIAimages/0133086_PE288202_S3.JPG
LILL�NGEN,http://www.ikea.com/PIAimages/0121045_PE277836_S3.JPG
LILL�NGEN,http://www.ikea.com/PIAimages/0134486_PE290712_S3.JPG
LILL�NGEN,http://www.ikea.com/PIAimages/0134484_PE290710_S3.JPG
LILL�NGEN,http://www.ikea.com/PIAimages/0419387_PE576275_S3.JPG
LILL�NGEN,http://www.ikea.com/PIAimages/0419395_PE576277_S3.JPG
LILL�NGEN,http://www.ikea.com/PIAimages/0419425_PE576282_S3.JPG
LILL�NGEN,http://www.ikea.com/PIAimages/0419374_PE576267_S3.JPG
LILL�NGEN,http://www.ikea.com/PIAimages/0121043_PE277834_S3.JPG
SILVER�N,http://www.ikea.com/PIAimages/0242429_PE381831_S3.JPG
SILVER�N,http://www.ikea.com/PIAimages/0242431_PE381830_S3.JPG
SILVER�N,http://www.ikea.com/PIAimages/0242427_PE381832_S3.JPG
SILVER�N,http://www.ikea.com/PIAimages/0418682_PE575711_S3.JPG
SILVER�N,http://www.ikea.com/PIAimages/0242421_PE381835_S3.JPG
SILVER�N,http://www.ikea.com/PIAimages/0249957_PE388294_S3.JPG
SILVER�N,http://www.ikea.com/PIAimages/0242417_PE381837_S3.JPG
SILVER�N,http://www.ikea.com/PIAimages/0249577_PE387791_S3.JPG
SILVER�N,http://www.ikea.com/PIAimages/0242437_PE381827_S3.JPG
TYNGEN,http://www.ikea.com/PIAimages/0325212_PE517525_S3.JPG
LEJEN,http://www.ikea.com/PIAimages/0321402_PE422154_S3.JPG
LILL�NGEN,http://www.ikea.com/PIAimages/0134485_PE290711_S3.JPG
LILL�NGEN,http://www.ikea.com/PIAimages/0419415_PE576271_S3.JPG
MOLGER,http://www.ikea.com/PIAimages/0155714_PE313812_S3.JPG
KLAMPEN,http://www.ikea.com/PIAimages/0183118_PE334381_S3.JPG
FULLEN,http://www.ikea.com/PIAimages/0113005_PE264984_S3.JPG
GODMORGON,http://www.ikea.com/PIAimages/0410834_PE570683_S3.JPG
R�GRUND,http://www.ikea.com/PIAimages/0190743_PE344267_S3.JPG
YDDINGEN,http://www.ikea.com/PIAimages/0364835_PE548299_S3.JPG
