"���""HEMNES""",http://www.ikea.com/ms/en_US/img/ad_content/20144_lica03a_coffee_tables_%26_side_tables_PE401819.jpg
HEMNES,http://www.ikea.com/PIAimages/0104033_PE250684_S3.JPG
HEMNES,http://www.ikea.com/PIAimages/0255104_PE399040_S3.JPG
RISSNA,http://www.ikea.com/PIAimages/0367772_PE549603_S3.JPG
RISSNA,http://www.ikea.com/PIAimages/0367810_PE549605_S3.JPG
TILLF��LLE,http://www.ikea.com/PIAimages/0374748_PE552974_S3.JPG
HEMNES,http://www.ikea.com/PIAimages/0394644_PE563689_S3.JPG
HEMNES,http://www.ikea.com/PIAimages/0104029_PE250677_S3.JPG
RISSNA,http://www.ikea.com/PIAimages/0367808_PE549604_S3.JPG
RISSNA,http://www.ikea.com/PIAimages/0367768_PE549602_S3.JPG
HEMNES,http://www.ikea.com/PIAimages/0177114_PE329976_S3.JPG
LISABO,http://www.ikea.com/PIAimages/0326094_PE518131_S3.JPG
LISABO,http://www.ikea.com/PIAimages/0326098_PE518133_S3.JPG
MALMSTA,http://www.ikea.com/PIAimages/0246298_PE385395_S3.JPG
MALMSTA,http://www.ikea.com/PIAimages/0246295_PE385394_S3.JPG
LACK,http://www.ikea.com/PIAimages/18869_PE104062_S3.JPG
LISABO,http://www.ikea.com/PIAimages/0326096_PE518132_S3.JPG
TINGBY,http://www.ikea.com/PIAimages/0441842_PE593578_S3.JPG
TINGBY,http://www.ikea.com/PIAimages/0441843_PE593577_S3.JPG
LACK,http://www.ikea.com/PIAimages/57540_PE163122_S3.JPG
LIATORP,http://www.ikea.com/PIAimages/0242769_PE382032_S3.JPG
LACK,http://www.ikea.com/PIAimages/0115088_PE268302_S3.JPG
LACK,http://www.ikea.com/PIAimages/0247593_PE386467_S3.JPG
LIATORP,http://www.ikea.com/PIAimages/0098228_PE239253_S3.JPG
LIATORP,http://www.ikea.com/PIAimages/0242772_PE382031_S3.JPG
L��VBACKEN,http://www.ikea.com/PIAimages/0173699_PE327848_S3.JPG
LACK,http://www.ikea.com/PIAimages/0152001_PE310343_S3.JPG
SINNERLIG,http://www.ikea.com/PIAimages/0374119_PE552478_S3.JPG
SINNERLIG,http://www.ikea.com/PIAimages/0374118_PE552477_S3.JPG
VITTSJ��,http://www.ikea.com/PIAimages/0324639_PE517061_S3.JPG
VITTSJ��,http://www.ikea.com/PIAimages/0135348_PE292039_S3.JPG
STOCKHOLM,http://www.ikea.com/PIAimages/0178730_PE331594_S3.JPG
STOCKHOLM,http://www.ikea.com/PIAimages/0181245_PE332924_S3.JPG
TOFTERYD,http://www.ikea.com/PIAimages/0115198_PE268420_S3.JPG
BOKSEL,http://www.ikea.com/PIAimages/0122458_PE278794_S3.JPG
REGISS��R,http://www.ikea.com/PIAimages/0242834_PE382083_S3.JPG
REKARNE,http://www.ikea.com/PIAimages/0184487_PE336140_S3.JPG
REKARNE,http://www.ikea.com/PIAimages/0184488_PE336141_S3.JPG
IKEA PS 2012,http://www.ikea.com/PIAimages/0327433_PE519813_S3.JPG
IKEA PS 2014,http://www.ikea.com/PIAimages/0238009_PE377308_S3.JPG
REKARNE,http://www.ikea.com/PIAimages/0184490_PE336146_S3.JPG
REKARNE,http://www.ikea.com/PIAimages/0184489_PE336142_S3.JPG
ISALA,http://www.ikea.com/PIAimages/0176397_PE329213_S3.JPG
STRIND,http://www.ikea.com/PIAimages/0097154_PE237317_S3.JPG
STRIND,http://www.ikea.com/PIAimages/0097153_PE246331_S3.JPG
KRAGSTA,http://www.ikea.com/PIAimages/0256310_PE400186_S3.JPG
KRAGSTA,http://www.ikea.com/PIAimages/0313789_PE517045_S3.JPG
NORN��S,http://www.ikea.com/PIAimages/0255333_PE399451_S3.JPG
NORN��S,http://www.ikea.com/PIAimages/0276695_PE415373_S3.JPG
KLINGSBO,http://www.ikea.com/PIAimages/80789_PE205172_S3.JPG
KLINGSBO,http://www.ikea.com/PIAimages/79345_PE202932_S3.JPG
NORN��S,http://www.ikea.com/PIAimages/0255336_PE399446_S3.JPG
NORN��S,http://www.ikea.com/PIAimages/0255339_PE399449_S3.JPG
VEJMON,http://www.ikea.com/PIAimages/0089492_PE221833_S3.JPG
VEJMON,http://www.ikea.com/PIAimages/0089491_PE221832_S3.JPG
ARKELSTORP,http://www.ikea.com/PIAimages/0260736_PE404587_S3.JPG
ARKELSTORP,http://www.ikea.com/PIAimages/0260729_PE404586_S3.JPG
SVALSTA,http://www.ikea.com/PIAimages/0276458_PE414911_S3.JPG
LINDVED,http://www.ikea.com/PIAimages/69216_PE183965_S3.JPG
NORDEN,http://www.ikea.com/PIAimages/0106125_PE254160_S3.JPG
SANDHAUG,http://www.ikea.com/PIAimages/0364199_PE547762_S3.JPG
TILLF��LLE,http://www.ikea.com/PIAimages/0374750_PE552976_S3.JPG
SANDHAUG,http://www.ikea.com/PIAimages/0292679_PE426412_S3.JPG
