"���""BEST��""",http://www.ikea.com/ms/media/seorange/20161/20134_lisr29a_Besta_PH128363.jpg
BEST��,http://www.ikea.com/PIAimages/0352760_PE537352_S3.JPG
BEST��,http://www.ikea.com/PIAimages/0412957_PE571816_S3.JPG
BEST��,http://www.ikea.com/PIAimages/0352791_PE537301_S3.JPG
BEST��,http://www.ikea.com/PIAimages/0341772_PE529344_S3.JPG
BEST��,http://www.ikea.com/PIAimages/0352986_PE537185_S3.JPG
BEST��,http://www.ikea.com/PIAimages/0352734_PE537335_S3.JPG
BEST��,http://www.ikea.com/PIAimages/0412608_PE571912_S3.JPG
BEST��,http://www.ikea.com/PIAimages/0413030_PE571859_S3.JPG
BEST��,http://www.ikea.com/PIAimages/0349550_PE535256_S3.JPG
BEST��,http://www.ikea.com/PIAimages/0352552_PE537525_S3.JPG
BEST��,http://www.ikea.com/PIAimages/0342077_PE531703_S3.JPG
BEST��,http://www.ikea.com/PIAimages/0411669_PE572682_S3.JPG
BEST��,http://www.ikea.com/PIAimages/0341803_PE531722_S3.JPG
BEST��,http://www.ikea.com/PIAimages/0334630_PE527585_S3.JPG
BEST��,http://www.ikea.com/PIAimages/0349561_PE538382_S3.JPG
BEST��,http://www.ikea.com/PIAimages/0352615_PE537447_S3.JPG
BEST��,http://www.ikea.com/PIAimages/0415725_PE574076_S3.JPG
BEST��,http://www.ikea.com/PIAimages/0415501_PE574166_S3.JPG
BEST��,http://www.ikea.com/PIAimages/0389833_PE559641_S3.JPG
BEST��,http://www.ikea.com/PIAimages/0352649_PE537437_S3.JPG
BEST��,http://www.ikea.com/PIAimages/0415057_PE574394_S3.JPG
BEST��,http://www.ikea.com/PIAimages/0415247_PE574338_S3.JPG
BEST��,http://www.ikea.com/PIAimages/0349523_PE535289_S3.JPG
BEST��,http://www.ikea.com/PIAimages/0342131_PE531667_S3.JPG
BEST��,http://www.ikea.com/PIAimages/0412416_PE572074_S3.JPG
BEST��,http://www.ikea.com/PIAimages/0414899_PE574536_S3.JPG
BEST��,http://www.ikea.com/PIAimages/0413437_PE571442_S3.JPG
BEST��,http://www.ikea.com/PIAimages/0415581_PE574284_S3.JPG
BEST��,http://www.ikea.com/PIAimages/0352661_PE537405_S3.JPG
BEST��,http://www.ikea.com/PIAimages/0350165_PE535161_S3.JPG
BEST��,http://www.ikea.com/PIAimages/0345853_PE535954_S3.JPG
BEST��,http://www.ikea.com/PIAimages/0334634_PE527589_S3.JPG
BEST��,http://www.ikea.com/PIAimages/0412121_PE572310_S3.JPG
BEST��,http://www.ikea.com/PIAimages/0412245_PE572190_S3.JPG
BEST��,http://www.ikea.com/PIAimages/0343434_PE535880_S3.JPG
BEST��,http://www.ikea.com/PIAimages/0346807_PE535456_S3.JPG
BEST��,http://www.ikea.com/PIAimages/0334670_PE527606_S3.JPG
BEST��,http://www.ikea.com/PIAimages/0343488_PE536177_S3.JPG
BEST��,http://www.ikea.com/PIAimages/0455594_PE603618_S3.JPG
BEST��,http://www.ikea.com/PIAimages/0350748_PE535085_S3.JPG
BEST��,http://www.ikea.com/PIAimages/0350237_PE535125_S3.JPG
BEST��,http://www.ikea.com/PIAimages/0343949_PE535644_S3.JPG
BEST��,http://www.ikea.com/PIAimages/0345077_PE536106_S3.JPG
BEST��,http://www.ikea.com/PIAimages/0346936_PE535340_S3.JPG
BEST��,http://www.ikea.com/PIAimages/0352601_PE537481_S3.JPG
