PO��̣NG,http://www.ikea.com/ms/en_US/media/seorange/20162/armchairs_PH133077.jpg
PO��̣NG,http://www.ikea.com/PIAimages/57653_PE163267_S3.JPG
PO��̣NG,http://www.ikea.com/PIAimages/0153176_PE311442_S3.JPG
ARVIKA,http://www.ikea.com/PIAimages/0117716_PE272913_S3.JPG
MELLBY,http://www.ikea.com/PIAimages/0141999_PE301926_S3.JPG
EKTORP,http://www.ikea.com/PIAimages/0386183_PE559142_S3.JPG
KIVIK,http://www.ikea.com/PIAimages/0171198_PE325435_S3.JPG
STOCKSUND,http://www.ikea.com/PIAimages/0416861_PE594078_S3.JPG
S��̐DERHAMN,http://www.ikea.com/PIAimages/0405925_PE583234_S3.JPG
AGEN,http://www.ikea.com/PIAimages/31428_PE120743_S3.JPG
PO��̣NG,http://www.ikea.com/PIAimages/0325507_PE517952_S3.JPG
PO��̣NG,http://www.ikea.com/PIAimages/31008_PE119930_S3.JPG
PO��̣NG,http://www.ikea.com/PIAimages/0325658_PE517718_S3.JPG
MUREN,http://www.ikea.com/PIAimages/0372120_PE551471_S3.JPG
JENNYLUND,http://www.ikea.com/PIAimages/0136147_PE293397_S3.JPG
TULLSTA,http://www.ikea.com/PIAimages/0386131_PE559173_S3.JPG
TULLSTA,http://www.ikea.com/PIAimages/19431_PE104724_S3.JPG
STOCKHOLM,http://www.ikea.com/PIAimages/0173103_PE327193_S3.JPG
STRANDMON,http://www.ikea.com/PIAimages/0325450_PE517970_S3.JPG
EKEN��̣S,http://www.ikea.com/PIAimages/0239914_PE379569_S3.JPG
STOCKHOLM,http://www.ikea.com/PIAimages/0181255_PE332928_S3.JPG
MELLBY,http://www.ikea.com/PIAimages/0405492_PE574692_S3.JPG
EKER��̐,http://www.ikea.com/PIAimages/0204746_PE359786_S3.JPG
PELLO,http://www.ikea.com/PIAimages/38296_PE130209_S3.JPG
NOLBYN,http://www.ikea.com/PIAimages/0152018_PE310350_S3.JPG
NOLMYRA,http://www.ikea.com/PIAimages/0169629_PE323574_S3.JPG
STORSELE,http://www.ikea.com/PIAimages/0130776_PE285158_S3.JPG
MELLBY,http://www.ikea.com/PIAimages/0405492_PE574692_S3.JPG
BYHOLMA,http://www.ikea.com/PIAimages/0153946_PE312353_S3.JPG
BYHOLMA / MARIEBERG,http://www.ikea.com/PIAimages/0152745_PE311056_S3.JPG
EKER��̐,http://www.ikea.com/PIAimages/0204740_PE359785_S3.JPG
FINNTORP,http://www.ikea.com/PIAimages/0117721_PE272917_S3.JPG
HOLMSEL,http://www.ikea.com/PIAimages/0186593_PE338763_S3.JPG
IKEA PS GULLHOLMEN,http://www.ikea.com/PIAimages/25168_PE107979_S3.JPG
J��̣PPLING,http://www.ikea.com/PIAimages/0403831_PE566131_S3.JPG
KIVIK,http://www.ikea.com/PIAimages/0115157_PE268369_S3.JPG
LANDSKRONA,http://www.ikea.com/PIAimages/0320852_PE514833_S3.JPG
NORNA,http://www.ikea.com/PIAimages/0325825_PE517684_S3.JPG
R����DVIKEN,http://www.ikea.com/PIAimages/0124692_PE281615_S3.JPG
SKOGABY,http://www.ikea.com/PIAimages/0253615_PE395788_S3.JPG
